CustomerID,FirstName,LastName,Date_of_Birth,City,State,Country,PostalCode,Phone,Email,DateEntered
57081,James,Smith,26-03-1987,New York,New York,United States,280862,9638483934,James.Smith@gmail.com,02-01-2020
57082,Robert,Downey Jr,24-05-1973,New York,New York,United States,376573,6588282115,Robert.Downey Jr@gmail.com,06-01-2020
57083,John,Williams,14-04-1990,Chicago,Illinois,United States,485629,7641021429,John.Williams@gmail.com,11-01-2020
57084,Michael,Johnson,25-03-1953,Brisbane,Queensland,Australia,260866,7354232181,Michael.Johnson@gmail.com,16-01-2020
57085,Steve,Williams,24-04-1971,Bremen,Bremen,Germany,740338,6285552036,Steve.Williams@gmail.com,17-01-2020
57086,David,Beckham,18-10-1965,Villach,Carinthia,Austria,621492,7756781677,David.Beckham@gmail.com,20-01-2020
57087,Richard,Brown,16-12-1958,San Antonio,Texas,United States,110945,8420993031,Richard.Brown@gmail.com,20-01-2020
57088,Joseph,James,27-08-1967,Amsterdam,North Holland,Netherlands,186896,6691466381,Joseph.James@gmail.com,25-01-2020
57089,Thomas,Jones,30-04-1950,Dallas,Texas,United States,174080,8024463594,Thomas.Jones@gmail.com,26-01-2020
57090,Charles,King,24-06-1993,Warsaw,Masovian,Poland,589838,8498546902,Charles.King@gmail.com,27-01-2020
57091,Christopher,Garcia,21-03-1988,Austin,Texas,United States,772795,9610580408,Christopher.Garcia@gmail.com,03-02-2020
57092,Daniel,Rensch,10-02-1966,Dublin,Dublin,Ireland,189723,7947018222,Daniel.Rensch@gmail.com,03-02-2020
57093,Matthew,Miller,03-06-1971,Brisbane,Queensland,Australia,901170,7764122382,Matthew.Miller@gmail.com,04-02-2020
57094,Anthony,James,12-04-1957,Brussels,Brussels-Capital,Belgium,322713,9371469569,Anthony.James@gmail.com,07-02-2020
57095,Mark,Davis,13-03-1960,Brussels,Brussels-Capital,Belgium,943158,8396048181,Mark.Davis@gmail.com,09-02-2020
57096,Donald,Rodriguez,29-01-1952,Patras,Western Greece,Greece,127461,9919606399,Donald.Rodriguez@gmail.com,09-02-2020
57097,Steven,Smith,13-07-1995,Braga,Braga,Portugal,531783,7287587361,Steven.Smith@gmail.com,10-02-2020
57098,Paul,Walker,21-09-1960,Seattle,Washington,United States,427696,8892185286,Paul.Walker@gmail.com,11-02-2020
57099,Andrew,Martinez,04-03-1998,Bruges,West Flanders,Belgium,717216,9289999420,Andrew.Martinez@gmail.com,11-02-2020
57100,Joshua,Fernandez,07-05-1994,Braga,Braga,Portugal,700077,7810204569,Joshua.Fernandez@gmail.com,13-02-2020
57101,Kenneth,Hernandez,07-08-1987,Belfast,Belfast,Northern Ireland,462012,6036253941,Kenneth.Hernandez@gmail.com,14-02-2020
57102,Kevin,Hart,02-04-1967,Galway,Galway,Ireland,343088,6130341879,Kevin.Hart@gmail.com,16-02-2020
57103,Brian,Lopez,26-01-1952,Bremen,Bremen,Germany,627019,8605500276,Brian.Lopez@gmail.com,17-02-2020
57104,George,Clooney,05-07-1970,Amsterdam,North Holland,Netherlands,811771,9515240360,George.Clooney@gmail.com,18-02-2020
57105,Edward,Gonzalez,08-07-1972,Patras,Western Greece,Greece,588452,9234402314,Edward.Gonzalez@gmail.com,20-02-2020
57106,Ronald,Reagan,09-11-1976,Bucharest,Bucharest,Romania,335722,9379225699,Ronald.Reagan@gmail.com,21-02-2020
57107,Timothy,Wilson,29-05-1970,Zurich,Zurich,Switzerland,884138,8426394400,Timothy.Wilson@gmail.com,22-02-2020
57108,Jason,Derulo,27-02-1989,San Francisco,California,United States,581225,7263791644,Jason.Derulo@gmail.com,22-02-2020
57109,Jeffrey,Anderson,12-03-1996,Houston,Texas,United States,331823,7768296308,Jeffrey.Anderson@gmail.com,23-02-2020
57110,Ryan,Reynolds,07-03-1954,Brisbane,Queensland,Australia,610116,6704627597,Ryan.Reynolds@gmail.com,25-02-2020
57111,Jacob,Thomas,15-03-1974,Houston,Texas,United States,984201,8083693716,Jacob.Thomas@gmail.com,27-02-2020
57112,Gary,Kirsten,04-08-1974,Villach,Carinthia,Austria,380913,6949489670,Gary.Kirsten@gmail.com,28-02-2020
57113,Nicholas,Taylor,01-06-1980,Brisbane,Queensland,Australia,181308,6456674222,Nicholas.Taylor@gmail.com,28-02-2020
57114,Eric,Rosen,20-12-1962,Amsterdam,North Holland,Netherlands,304934,7552732635,Eric.Rosen@gmail.com,01-03-2020
57115,Jonathan,Moore,30-10-1970,Namur,Namur,Belgium,461400,7933090166,Jonathan.Moore@gmail.com,02-03-2020
57116,Stephen,Cole,16-03-1999,Warsaw,Masovian,Poland,930079,7949241495,Stephen.Cole@gmail.com,02-03-2020
57117,Larry,Wheels,28-02-1976,Braga,Braga,Portugal,584242,7697128584,Larry.Wheels@gmail.com,03-03-2020
57118,Justin,Bieber,20-08-1969,Zurich,Zurich,Switzerland,366457,9101727858,Justin.Bieber@gmail.com,04-03-2020
57119,Scott,Martin,14-01-1966,Villach,Carinthia,Austria,776829,7138788538,Scott.Martin@gmail.com,04-03-2020
57120,Brandon,James,20-12-1972,Los Angeles,California,United States,175106,9787293840,Brandon.James@gmail.com,06-03-2020
57121,Benjamin,Lee,22-10-1992,Dublin,Dublin,Ireland,909426,9945527365,Benjamin.Lee@gmail.com,07-03-2020
57122,Samuel,Jackson,28-01-1973,Cluj-Napoca,Cluj,Romania,118168,8670725681,Samuel.Jackson@gmail.com,07-03-2020
57123,Gregory,Perez,06-05-1993,Braga,Braga,Portugal,460978,8204016277,Gregory.Perez@gmail.com,07-03-2020
57124,Anne,Frank,09-05-1982,Belfast,Belfast,Northern Ireland,765669,6694563730,Anne.Frank@gmail.com,08-03-2020
57125,Alexander,Thompson,30-11-1983,Patras,Western Greece,Greece,506559,7083288108,Alexander.Thompson@gmail.com,09-03-2020
57126,Raymond,Jose,30-10-1962,Belfast,Belfast,Northern Ireland,890581,6253507332,Raymond.Jose@gmail.com,11-03-2020
57127,Patrick,White,24-06-1990,Los Angeles,California,United States,307718,8148723882,Patrick.White@gmail.com,12-03-2020
57128,Jack,Daniels,17-12-1976,Galway,Galway,Ireland,975442,8929570636,Jack.Daniels@gmail.com,12-03-2020
57129,Dennis,Harris,05-09-1979,Jacksonville,Florida,United States,169153,7449968403,Dennis.Harris@gmail.com,12-03-2020
57130,Jerry,James,31-01-1975,Los Angeles,California,United States,436092,7123499285,Jerry.James@gmail.com,14-03-2020
57131,Tyler,Sanchez,04-08-1980,Belfast,Belfast,Northern Ireland,834818,7520143838,Tyler.Sanchez@gmail.com,16-03-2020
57132,Aaron,Paul,13-10-1976,Namur,Namur,Belgium,322042,8668707337,Aaron.Paul@gmail.com,17-03-2020
57133,Jose,Clark,04-08-1952,Zurich,Zurich,Switzerland,983786,6166296814,Jose.Clark@gmail.com,17-03-2020
57134,Adam,Levin,06-07-1994,San Diego,California,United States,529879,7460297856,Adam.Levin@gmail.com,19-03-2020
57135,Henry,Ramirez,15-10-1995,Dublin,Dublin,Ireland,984321,7832034415,Henry.Ramirez@gmail.com,22-03-2020
57136,Nathan,Lyon,13-05-1951,Moscow,Moscow,Russia,112502,8339996679,Nathan.Lyon@gmail.com,23-03-2020
57137,Douglas,Lewis,16-02-1971,Saint Petersburg,Saint Petersburg,Russia,414656,9345421035,Douglas.Lewis@gmail.com,23-03-2020
57138,Zachary,Chan,14-01-1992,Novosibirsk,Novosibirsk Oblast,Russia,549797,6076967342,Zachary.Chan@gmail.com,24-03-2020
57139,Peter,Robinson,18-03-1991,Yekaterinburg,Sverdlovsk Oblast,Russia,635034,7563588593,Peter.Robinson@gmail.com,25-03-2020
57140,Kyle,Jamieson,15-03-1971,Phoenix,Arizona,United States,477771,6465884982,Kyle.Jamieson@gmail.com,27-03-2020
57141,Walter,White,01-05-1989,Timisoara,Timis,Romania,629138,7887809331,Walter.White@gmail.com,27-03-2020
57142,Ethan,Hunt,18-06-1961,Zurich,Zurich,Switzerland,935721,8581240635,Ethan.Hunt@gmail.com,27-03-2020
57143,Jeremy,Young,14-02-1992,Belfast,Belfast,Northern Ireland,538947,6509146323,Jeremy.Young@gmail.com,28-03-2020
57144,Harold,Washington,19-03-1991,San Francisco,California,United States,962549,6397030826,Harold.Washington@gmail.com,06-04-2020
57145,Keith,Allen,03-06-1991,Braga,Braga,Portugal,417419,7777894349,Keith.Allen@gmail.com,06-04-2020
57146,Christian,Joseph,21-07-1987,Fort Worth,Texas,United States,551928,8682658662,Christian.Joseph@gmail.com,07-04-2020
57147,Roger,Federer,10-11-1972,Brisbane,Queensland,Australia,673551,8055004698,Roger.Federer@gmail.com,07-04-2020
57148,Noah,King,29-10-1952,Amsterdam,North Holland,Netherlands,505262,8760453027,Noah.King@gmail.com,08-04-2020
57149,Gerald,Gun,22-02-1969,Warsaw,Masovian,Poland,697255,7148208542,Gerald.Gun@gmail.com,08-04-2020
57150,Carl,Wright,14-11-1987,Los Angeles,California,United States,414899,8861591218,Carl.Wright@gmail.com,08-04-2020
57151,Terry,Crews,24-07-1990,San Jose,California,United States,122849,8869775183,Terry.Crews@gmail.com,10-04-2020
57152,Sean,Scott,25-11-1966,Patras,Western Greece,Greece,677007,9011807962,Sean.Scott@gmail.com,10-04-2020
57153,Austin,Emerson,23-11-1997,Los Angeles,California,United States,323529,7849411743,Austin.Emerson@gmail.com,10-04-2020
57154,Arthur,Torres,30-04-1957,New York,New York,United States,603298,7244987442,Arthur.Torres@gmail.com,10-04-2020
57155,Lawrence,Fletcher,14-10-1977,Los Angeles,California,United States,261270,9529894848,Lawrence.Fletcher@gmail.com,13-04-2020
57156,Jesse,Nguyen,15-12-1976,Bremen,Bremen,Germany,148076,7172974188,Jesse.Nguyen@gmail.com,13-04-2020
57157,Bob,Dylan,20-04-1976,New York,New York,United States,741510,8862273711,Bob.Dylan@gmail.com,13-04-2020
57158,Bryan,Hill,03-10-1983,Columbus,Ohio,United States,936908,9287611748,Bryan.Hill@gmail.com,14-04-2020
57159,Joe,Rogen,06-05-1980,Iasi,Iasi,Romania,116738,7762054378,Joe.Rogen@gmail.com,14-04-2020
57160,Jordan,Flores,27-03-1984,Zurich,Zurich,Switzerland,515923,7652526059,Jordan.Flores@gmail.com,15-04-2020
57161,Billy,Johnson,21-03-1955,San Francisco,California,United States,332581,6610324263,Billy.Johnson@gmail.com,15-04-2020
57162,Bruce,Green,17-09-1994,Galway,Galway,Ireland,996957,9736424586,Bruce.Green@gmail.com,15-04-2020
57163,Albert,Black,12-03-1975,Houston,Texas,United States,531839,8269461310,Albert.Black@gmail.com,16-04-2020
57164,Willie,Adams,06-10-1955,Indianapolis,Indiana,United States,559462,6988086267,Willie.Adams@gmail.com,18-04-2020
57165,Gabriel,Thomas,10-06-1995,Saint Petersburg,Saint Petersburg,Russia,501708,7079545540,Gabriel.Thomas@gmail.com,18-04-2020
57166,Logan,Nelson,20-05-1964,Zurich,Zurich,Switzerland,661527,8359677337,Logan.Nelson@gmail.com,19-04-2020
57167,Alan,Walker,01-05-1999,Houston,Texas,United States,425321,7519015025,Alan.Walker@gmail.com,20-04-2020
57168,Juan,Baker,20-07-1977,Charlotte,North Carolina,United States,581120,8415952763,Juan.Baker@gmail.com,22-04-2020
57169,Wayne,Rooney,14-10-1980,New York,New York,United States,947006,8624133573,Wayne.Rooney@gmail.com,23-04-2020
57170,Roy,Hall,17-08-1962,Brussels,Brussels-Capital,Belgium,646642,8051193858,Roy.Hall@gmail.com,24-04-2020
57171,Ralph,Lauren,05-11-1982,Belfast,Belfast,Northern Ireland,980093,8401622701,Ralph.Lauren@gmail.com,27-04-2020
57172,Randy,Rivera,25-06-1960,Braga,Braga,Portugal,660301,8364802085,Randy.Rivera@gmail.com,27-04-2020
57173,Eugene,White,27-11-1990,San Francisco,California,United States,333520,6435013361,Eugene.White@gmail.com,27-04-2020
57174,Vincent,Campbell,11-07-1993,Zurich,Zurich,Switzerland,776141,8174218786,Vincent.Campbell@gmail.com,01-05-2020
57175,Russell,Peters,15-02-1996,Denver,Colorado,United States,548425,8338046052,Russell.Peters@gmail.com,04-05-2020
57176,Elijah,Mitchell,29-06-1971,Novosibirsk,Novosibirsk Oblast,Russia,369738,7286676080,Elijah.Mitchell@gmail.com,04-05-2020
57177,Louis,Hamilton,17-07-1978,Amsterdam,North Holland,Netherlands,365689,7870450005,Louis.Hamilton@gmail.com,05-05-2020
57178,Bobby,Ashley,27-07-1952,Warsaw,Masovian,Poland,851589,9388118858,Bobby.Ashley@gmail.com,07-05-2020
57179,Philip,Carter,04-01-1990,Geneva,Geneve,Switzerland,370260,9187822021,Philip.Carter@gmail.com,07-05-2020
57180,Johnny,Walker,31-12-1983,Los Angeles,California,United States,999674,9679867348,Johnny.Walker@gmail.com,10-05-2020
57181,Mary,Jane Watson,19-09-1995,Charlotte,North Carolina,United States,815970,8195750230,Mary.Jane Watson@gmail.com,11-05-2020
57182,Patricia,Roberts,06-06-1987,Los Angeles,California,United States,757267,8705129478,Patricia.Roberts@gmail.com,12-05-2020
57183,Jennifer,Lawrence,11-01-1976,Charlotte,North Carolina,United States,346297,6228956729,Jennifer.Lawrence@gmail.com,12-05-2020
57184,Linda,Jones,20-01-1988,Moscow,Moscow,Russia,693878,7724723906,Linda.Jones@gmail.com,13-05-2020
57185,Elizabeth,Emerson,01-04-1965,Saint Petersburg,Saint Petersburg,Russia,120668,6751710453,Elizabeth.Emerson@gmail.com,13-05-2020
57186,Barbara,Corcoran,01-12-1958,Patras,Western Greece,Greece,714637,9153245242,Barbara.Corcoran@gmail.com,17-05-2020
57187,Susan,Jones,21-07-1987,Timisoara,Timis,Romania,793999,6511250967,Susan.Jones@gmail.com,18-05-2020
57188,Jessica,James,10-11-1989,Basel,Basel,Switzerland,426248,9644798731,Jessica.James@gmail.com,19-05-2020
57189,Sarah,Hunt,24-05-1978,Zurich,Zurich,Switzerland,598317,8169119239,Sarah.Hunt@gmail.com,20-05-2020
57190,Karen,Ramirez,14-01-1961,Bucharest,Bucharest,Romania,495737,9175259523,Karen.Ramirez@gmail.com,21-05-2020
57191,Nancy,Lyon,14-09-1995,San Francisco,California,United States,841652,8046268061,Nancy.Lyon@gmail.com,22-05-2020
57192,Lisa,Lewis,24-09-1979,Philadelphia,Pennsylvania,United States,937031,9722178360,Lisa.Lewis@gmail.com,22-05-2020
57193,Betty,Chan,16-05-1982,Yekaterinburg,Sverdlovsk Oblast,Russia,580765,7969280314,Betty.Chan@gmail.com,23-05-2020
57194,Margaret,Robinson,04-04-1996,Amsterdam,North Holland,Netherlands,515591,8772863443,Margaret.Robinson@gmail.com,23-05-2020
57195,Sandra,Jamieson,04-07-1988,Zurich,Zurich,Switzerland,383353,8582114644,Sandra.Jamieson@gmail.com,02-06-2020
57196,Ashley,White,10-02-1998,New York,New York,United States,803691,9837229493,Ashley.White@gmail.com,03-06-2020
57197,Kimberly,Hunt,14-06-1952,Belfast,Belfast,Northern Ireland,772640,6738178463,Kimberly.Hunt@gmail.com,03-06-2020
57198,Emily,Young,24-09-1987,Houston,Texas,United States,949975,8408622873,Emily.Young@gmail.com,04-06-2020
57199,Donna,Washington,18-07-1960,Villach,Carinthia,Austria,126045,6121357995,Donna.Washington@gmail.com,05-06-2020
57200,Michelle,Allen,31-08-1982,Houston,Texas,United States,243022,8469408570,Michelle.Allen@gmail.com,05-06-2020
57201,Dorothy,Joseph,08-04-1960,Galway,Galway,Ireland,570970,8034566337,Dorothy.Joseph@gmail.com,05-06-2020
57202,Carol,Federer,20-10-1994,Yekaterinburg,Sverdlovsk Oblast,Russia,766798,6807556287,Carol.Federer@gmail.com,07-06-2020
57203,Amanda,King,08-09-1974,San Francisco,California,United States,908686,6875562925,Amanda.King@gmail.com,10-06-2020
57204,Melissa,Clooney,31-12-1991,Gurgaon,Haryana,India,128305,8287186662,Melissa.Clooney@gmail.com,10-06-2020
57205,Deborah,Gonzalez,19-01-1984,Jacksonville,Florida,United States,883473,8289906933,Deborah.Gonzalez@gmail.com,12-06-2020
57206,Stephanie,Reagan,06-02-1997,Hesse,Wiesbaden,Germany,616854,9053942718,Stephanie.Reagan@gmail.com,12-06-2020
57207,Rebecca,Wilson,24-05-1954,Brussels,Brussels-Capital,Belgium,363155,6010084617,Rebecca.Wilson@gmail.com,13-06-2020
57208,Sharon,Derulo,02-01-1975,Zurich,Zurich,Switzerland,658149,9771547842,Sharon.Derulo@gmail.com,16-06-2020
57209,Laura,Anderson,25-12-1977,Warsaw,Masovian,Poland,281403,6180762848,Laura.Anderson@gmail.com,17-06-2020
57210,Cynthia,Reynolds,29-04-1996,Lausanne,Lausanne,Switzerland,202875,8757897967,Cynthia.Reynolds@gmail.com,18-06-2020
57211,Kathleen,Thomas,20-09-1960,Denver,Colorado,United States,916703,8317912235,Kathleen.Thomas@gmail.com,20-06-2020
57212,Amy,Kirsten,08-11-1991,Yekaterinburg,Sverdlovsk Oblast,Russia,532105,7758924386,Amy.Kirsten@gmail.com,21-06-2020
57213,Shirley,Taylor,23-05-1993,Gurgaon,Haryana,India,710807,8301878470,Shirley.Taylor@gmail.com,27-06-2020
57214,Angela,Rosen,14-05-1965,Patras,Western Greece,Greece,634543,7570159009,Angela.Rosen@gmail.com,27-06-2020
57215,Helen,Keller,16-09-1973,New York,New York,United States,706545,9871513092,Helen.Keller@gmail.com,01-07-2020
57216,Anna,Downey,30-10-1974,Galway,Galway,Ireland,572235,6355840254,Anna.Downey@gmail.com,02-07-2020
57217,Brenda,Williams,13-04-1951,Varanasi,Uttar Pradesh,India,564691,7440859268,Brenda.Williams@gmail.com,02-07-2020
57218,Pamela,Johnson,18-04-1969,Gurgaon,Haryana,India,681558,9952427264,Pamela.Johnson@gmail.com,03-07-2020
57219,Nicole,Williams,29-04-1999,Amritsar,Punjab,India,188604,7736783821,Nicole.Williams@gmail.com,09-07-2020
57220,Emma,Beckham,15-12-1997,Patras,Western Greece,Greece,279516,7368939317,Emma.Beckham@gmail.com,10-07-2020
57221,Samantha,Lee,31-03-1987,Denver,Colorado,United States,587794,7353007738,Samantha.Lee@gmail.com,12-07-2020
57222,Katherine,Clark,22-04-1988,Amsterdam,North Holland,Netherlands,956840,8864524394,Katherine.Clark@gmail.com,17-07-2020
57223,Christine,Adams,27-02-1957,Timisoara,Timis,Romania,674492,6993371396,Christine.Adams@gmail.com,22-07-2020
57224,Debra,Nelson,08-09-1955,Denver,Colorado,United States,329286,8210480859,Debra.Nelson@gmail.com,28-07-2020
57225,Rachel,Torres,16-07-1959,Zurich,Zurich,Switzerland,945576,7657531195,Rachel.Torres@gmail.com,03-08-2020
57226,Catherine,Green,25-05-1979,Villach,Carinthia,Austria,197618,6908522160,Catherine.Green@gmail.com,03-08-2020
57227,Carolyn,Forres,01-10-1970,San Francisco,California,United States,123473,8590782836,Carolyn.Forres@gmail.com,06-08-2020
57228,Janet,Hill,07-11-1961,Faridabad,Haryana,India,290919,7180792577,Janet.Hill@gmail.com,08-08-2020
57229,Ruth,Carter,24-05-1971,Hamburg,Hamburg,Germany,439471,8323993680,Ruth.Carter@gmail.com,09-08-2020
57230,Maria,Robins,12-01-1985,New York,New York,United States,863411,9473913464,Maria.Robins@gmail.com,10-08-2020
57231,Heather,Phillips,22-02-1960,Warsaw,Masovian,Poland,949451,7979859001,Heather.Phillips@gmail.com,12-08-2020
57232,Diane,Morgan,13-11-1953,San Francisco,California,United States,703466,9095575459,Diane.Morgan@gmail.com,16-08-2020
57233,Virginia,Cook,11-08-1988,Houston,Texas,United States,691595,9190541428,Virginia.Cook@gmail.com,16-08-2020
57234,Julie,Botham,16-03-1951,Timisoara,Timis,Romania,436797,9556799110,Julie.Botham@gmail.com,17-08-2020
57235,Joyce,Ryder,01-09-1998,Faridabad,Haryana,India,176968,8994343494,Joyce.Ryder@gmail.com,20-08-2020
57236,Victoria,Queen,03-12-1971,Galway,Galway,Ireland,151232,8417363453,Victoria.Queen@gmail.com,22-08-2020
57237,Olivia,Olsen,13-01-1974,Jacksonville,Florida,United States,653844,6053084449,Olivia.Olsen@gmail.com,23-08-2020
57238,Kelly,Clarkson,18-02-1995,Hamburg,Hamburg,Germany,195409,6179968697,Kelly.Clarkson@gmail.com,25-08-2020
57239,Christina,Aguilera,12-03-1998,Brussels,Brussels-Capital,Belgium,494735,8117434671,Christina.Aguilera@gmail.com,26-08-2020
57240,Lauren,Gottileb,27-01-1993,Paris,Île-de-France,France,361087,8366844510,Lauren.Gottileb@gmail.com,04-09-2020
57241,Joan,Benet,01-08-1982,Moscow,Moscow,Russia,318647,9087276702,Joan.Benet@gmail.com,04-09-2020
57242,Evelyn,Mendoza,21-11-1952,Athens,Attica,Greece,621713,7719663090,Evelyn.Mendoza@gmail.com,06-09-2020
57243,Judith,Hugh,10-07-1988,Bucharest,Bucharest,Romania,610391,7053364959,Judith.Hugh@gmail.com,06-09-2020
57244,Megan,Benner,16-02-1970,Zurich,Zurich,Switzerland,186737,8931159199,Megan.Benner@gmail.com,07-09-2020
57245,Cheryl,Lewis,12-06-1974,Denver,Colorado,United States,921659,7712791109,Cheryl.Lewis@gmail.com,10-09-2020
57246,Andrea,Botez,24-01-1991,Faridabad,Haryana,India,630912,7948710357,Andrea.Botez@gmail.com,10-09-2020
57247,Hannah,Montana,08-02-1975,Montpellier,Occitanie,France,806001,6434207090,Hannah.Montana@gmail.com,11-09-2020
57248,Martha,Patterson,18-05-1988,New York,New York,United States,454322,8252695615,Martha.Patterson@gmail.com,12-09-2020
57249,Jacqueline,Fernandez,08-02-1987,Houston,Texas,United States,230288,6482043079,Jacqueline.Fernandez@gmail.com,13-09-2020
57250,Frances,Alexander,13-05-1956,Belfast,Belfast,Northern Ireland,926703,6234633197,Frances.Alexander@gmail.com,14-09-2020
57251,Gloria,Woods,13-01-1954,Ghaziabad,Uttar Pradesh,India,430221,8527263910,Gloria.Woods@gmail.com,15-09-2020
57252,Ann,Stevens,07-11-1986,Amritsar,Punjab,India,318347,6573307552,Ann.Stevens@gmail.com,16-09-2020
57253,Teresa,Murray,15-02-1964,Patras,Western Greece,Greece,606168,7173171969,Teresa.Murray@gmail.com,17-09-2020
57254,Kathryn,Clark,13-01-1961,Denver,Colorado,United States,239647,6085234009,Kathryn.Clark@gmail.com,17-09-2020
57255,Sara,Nicoleson,29-04-1993,Amsterdam,North Holland,Netherlands,440101,7968554912,Sara.Nicoleson@gmail.com,17-09-2020
57256,Janice,Vazquez,14-11-1988,Agra,Uttar Pradesh,India,417337,7725290862,Janice.Vazquez@gmail.com,17-09-2020
57257,Jean,Kelley,19-02-1970,Bremen,Bremen,Germany,614575,8989746280,Jean.Kelley@gmail.com,18-09-2020
57258,Alice,Spencer,21-12-1982,Jacksonville,Florida,United States,263536,8113067809,Alice.Spencer@gmail.com,19-09-2020
57259,Madison,Hawkins,21-11-1957,Warsaw,Masovian,Poland,323188,8833067511,Madison.Hawkins@gmail.com,21-09-2020
57260,Doris,Johnson,08-11-1963,Athens,Attica,Greece,124535,8101854434,Doris.Johnson@gmail.com,23-09-2020
57261,Abigail,Richards,13-01-1965,Brussels,Brussels-Capital,Belgium,829257,9617315057,Abigail.Richards@gmail.com,25-09-2020
57262,Julia,Willis,21-03-1969,Bhopal,Madhya Pradesh,India,881438,6494120531,Julia.Willis@gmail.com,03-10-2020
57263,Judy,Carpenter,24-10-1960,Bucharest,Bucharest,Romania,988887,9762599397,Judy.Carpenter@gmail.com,04-10-2020
57264,Grace,Carter,27-11-1968,New York,New York,United States,760552,7106233188,Grace.Carter@gmail.com,04-10-2020
57265,Denise,George,25-12-1954,Athens,Attica,Greece,647282,6859582666,Denise.George@gmail.com,04-10-2020
57266,Amber,OBrien,26-03-1976,Brussels,Brussels-Capital,Belgium,464963,6124916365,Amber.OBrien@gmail.com,04-10-2020
57267,Marilyn,Johnson,10-03-1967,Bhopal,Madhya Pradesh,India,816953,6407172417,Marilyn.Johnson@gmail.com,04-10-2020
57268,Beverly,Hills,05-01-1998,Moscow,Moscow,Russia,272100,6269994683,Beverly.Hills@gmail.com,06-10-2020
57269,Danielle,Barrett,08-07-1997,Galway,Galway,Ireland,585217,7674643172,Danielle.Barrett@gmail.com,09-10-2020
57270,Theresa,Lawson,29-08-1984,Jacksonville,Florida,United States,537846,8936184424,Theresa.Lawson@gmail.com,10-10-2020
57271,Sophia,Marquez,14-04-1954,Jacksonville,Florida,United States,890551,8096156139,Sophia.Marquez@gmail.com,11-10-2020
57272,Marie,Douglas,18-10-1969,Vienna,Vienna,Austria,983729,6547496325,Marie.Douglas@gmail.com,12-10-2020
57273,Diana,Walter,09-06-1951,Dublin,Dublin,Ireland,675334,8654363725,Diana.Walter@gmail.com,14-10-2020
57274,Brittany,Brown,14-07-1959,Lisbon,Lisbon,Portugal,318056,8200120323,Brittany.Brown@gmail.com,16-10-2020
57275,Natalie,Bates,08-06-1979,Zurich,Zurich,Switzerland,521496,9440395221,Natalie.Bates@gmail.com,16-10-2020
57276,Isabella,Beck,18-07-1978,Bucharest,Bucharest,Romania,298006,8734858705,Isabella.Beck@gmail.com,17-10-2020
57277,Charlotte,Flair,06-12-1970,Cork,Cork,Ireland,118533,7337665062,Charlotte.Flair@gmail.com,22-10-2020
57278,Rose,Mary,22-06-1981,Bucharest,Bucharest,Romania,491441,7172185088,Rose.Mary@gmail.com,23-10-2020
57279,Alexis,Duran,26-05-1963,Montpellier,Occitanie,France,496069,9476790199,Alexis.Duran@gmail.com,24-10-2020
57280,Kayla,Grey,17-05-1952,Lucknow,Uttar Pradesh,India,753596,6528224522,Kayla.Grey@gmail.com,09-11-2020
57281,Jack,Logan,11-11-1951,Timisoara,Timis,Romania,479262,9221101294,Jack.Logan@gmail.com,12-11-2020
57282,Oliver,Alan,22-07-1976,Houston,Texas,United States,924280,7037290568,Oliver.Alan@gmail.com,13-11-2020
57283,James,Juan,21-12-1977,New York,New York,United States,431266,7001938717,James.Juan@gmail.com,15-11-2020
57284,Charlie,Wayne,30-06-1968,Jacksonville,Florida,United States,550464,7427480588,Charlie.Wayne@gmail.com,16-11-2020
57285,Harris,Roy,18-09-1951,Bucharest,Bucharest,Romania,726977,6927799940,Harris.Roy@gmail.com,16-11-2020
57286,Lewis,Ralph,24-03-1990,Kanpur,Uttar Pradesh,India,792167,8884125570,Lewis.Ralph@gmail.com,17-11-2020
57287,Leo,Randy,06-02-1992,Berlin,Berlin,Germany,633334,8901599633,Leo.Randy@gmail.com,18-11-2020
57288,Noah,Eugene,07-01-1965,Cork,Cork,Ireland,116703,7508025842,Noah.Eugene@gmail.com,18-11-2020
57289,Alfie,Vincent,26-12-1972,Moscow,Moscow,Russia,438530,9718477011,Alfie.Vincent@gmail.com,22-11-2020
57290,Rory,Russell,08-12-1990,Brussels,Brussels-Capital,Belgium,888264,9310284261,Rory.Russell@gmail.com,02-12-2020
57291,Alexander,Elijah,26-08-1956,Athens,Attica,Greece,693189,8567898862,Alexander.Elijah@gmail.com,05-12-2020
57292,Max,Louis,19-08-1950,Porto,Porto,Portugal,122488,6024573627,Max.Louis@gmail.com,14-12-2020
57293,Logan,Bobby,06-10-1976,Jacksonville,Florida,United States,276370,9375899095,Logan.Bobby@gmail.com,14-12-2020
57294,Lucas,Philip,29-03-1980,Vienna,Vienna,Austria,875255,7264764389,Lucas.Philip@gmail.com,15-12-2020
57295,Harry,Johnny,27-01-1982,Dublin,Dublin,Ireland,536552,7906352429,Harry.Johnny@gmail.com,22-12-2020
57296,Theo,Mary,28-10-1961,Lisbon,Lisbon,Portugal,143218,6877385491,Theo.Mary@gmail.com,24-12-2020
57297,Thomas,Patricia,16-08-1984,Jaipur,Rajasthan,India,948553,6466821987,Thomas.Patricia@gmail.com,24-12-2020
57298,Brodie,Jennifer,13-04-1977,Vila Nova de Gaia,Porto,Portugal,562216,8863307962,Brodie.Jennifer@gmail.com,27-12-2020
57299,Archie,Linda,01-11-1955,Bucharest,Bucharest,Romania,770601,8969938150,Archie.Linda@gmail.com,27-12-2020
57300,Jacob,Elizabeth,23-09-1972,Marseille,Provence-Alpes-Côte d'Azur,France,836111,8162736585,Jacob.Elizabeth@gmail.com,01-01-2021
57301,Finlay,Barbara,08-11-1965,New York,New York,United States,138305,9083088975,Finlay.Barbara@gmail.com,02-01-2021
57302,Finn,Lyon,26-08-1994,Jaipur,Rajasthan,India,820128,9165965680,Finn.Lyon@gmail.com,03-01-2021
57303,Daniel,Lewis,04-10-1984,Melbourne,Victoria,Australia,333484,9917602680,Daniel.Lewis@gmail.com,04-01-2021
57304,Joshua,Chan,26-01-1983,Berlin,Berlin,Germany,222368,8345822070,Joshua.Chan@gmail.com,04-01-2021
57305,Oscar,Robinson,25-01-1987,Vienna,Vienna,Austria,163222,6386230587,Oscar.Robinson@gmail.com,05-01-2021
57306,Arthur,Jamieson,30-09-1979,Bucharest,Bucharest,Romania,597932,9285170350,Arthur.Jamieson@gmail.com,06-01-2021
57307,Hunter,White,22-03-1984,Zurich,Zurich,Switzerland,658188,8779750084,Hunter.White@gmail.com,07-01-2021
57308,Ethan,Hunt,22-05-1959,Melbourne,Victoria,Australia,560467,6035717314,Ethan.Hunt@gmail.com,08-01-2021
57309,Mason,Young,10-12-1964,Limerick,Limerick,Ireland,787199,7627562449,Mason.Young@gmail.com,08-01-2021
57310,Harrison,Washington,25-04-1972,Moscow,Moscow,Russia,764755,9696511457,Harrison.Washington@gmail.com,08-01-2021
57311,Freddie,Allen,05-09-1962,Athens,Attica,Greece,908106,7423409150,Freddie.Allen@gmail.com,08-01-2021
57312,Ollie,Joseph,25-11-1997,Belfast,Belfast,Northern Ireland,155218,7908414060,Ollie.Joseph@gmail.com,12-01-2021
57313,Adam,Federer,12-05-1973,Melbourne,Victoria,Australia,261795,7788434637,Adam.Federer@gmail.com,13-01-2021
57314,William,King,24-09-1996,Turin,Piedmont,Italy,983366,6253310855,William.King@gmail.com,13-01-2021
57315,Jaxon,Clooney,04-05-1997,Vila Nova de Gaia,Porto,Portugal,128013,9144939055,Jaxon.Clooney@gmail.com,13-01-2021
57316,Aaron,Axel,09-06-1994,Galway,Galway,Ireland,771952,6015357565,Aaron.Axel@gmail.com,14-01-2021
57317,Cameron,Ayden,19-01-1985,Belfast,Belfast,Northern Ireland,417961,9582942187,Cameron.Ayden@gmail.com,15-01-2021
57318,Liam,Caiden,19-01-1976,Vienna,Vienna,Austria,714920,8160002267,Liam.Caiden@gmail.com,15-01-2021
57319,George,Craig,08-05-1953,Galway,Galway,Ireland,481272,8478283221,George.Craig@gmail.com,15-01-2021
57320,Jamie,Lauchlan,22-03-1964,Lyon,Auvergne-Rhône-Alpes,France,115505,9531319695,Jamie.Lauchlan@gmail.com,15-01-2021
57321,Callum,Lennon,01-04-1977,Jaipur,Rajasthan,India,263944,6288062101,Callum.Lennon@gmail.com,15-01-2021
57322,Matthew,Lukas,25-07-1953,Brussels,Brussels-Capital,Belgium,665699,9038228402,Matthew.Lukas@gmail.com,16-01-2021
57323,Muhammad,Maximilian,28-12-1984,Amadora,Lisbon,Portugal,411708,9091942063,Muhammad.Maximilian@gmail.com,16-01-2021
57324,Caleb,Mylo,05-04-1978,Galway,Galway,Ireland,389655,8936844867,Caleb.Mylo@gmail.com,18-01-2021
57325,Nathan,Nikodem,09-06-1988,Jaipur,Rajasthan,India,370639,6713840498,Nathan.Nikodem@gmail.com,18-01-2021
57326,Tommy,Rocco,27-12-1972,Brandenburg,Potsdam,Germany,512833,9223470662,Tommy.Rocco@gmail.com,18-01-2021
57327,Carter,Rohan,10-04-1999,Galway,Galway,Ireland,976949,7057989867,Carter.Rohan@gmail.com,19-01-2021
57328,Blake,Xavier,09-07-1990,Naples,Campania,Italy,774220,8696916562,Blake.Xavier@gmail.com,19-01-2021
57329,Andrew,Abel,23-03-1956,Zurich,Zurich,Switzerland,441818,6598905439,Andrew.Abel@gmail.com,19-01-2021
57330,Luke,Bobby,04-08-1970,Bucharest,Bucharest,Romania,787864,9558936130,Luke.Bobby@gmail.com,20-01-2021
57331,Jude,Philip,01-02-1963,Amadora,Lisbon,Portugal,348900,6311615674,Jude.Philip@gmail.com,21-01-2021
57332,Angus,Johnny,29-09-1998,Derry,Derry City and Strabane,Northern Ireland,344263,7688895230,Angus.Johnny@gmail.com,23-01-2021
57333,Riley,Mary,04-12-1997,Vienna,Vienna,Austria,673350,7814242880,Riley.Mary@gmail.com,24-01-2021
57334,Luca,Patricia,05-08-1963,Jaipur,Rajasthan,India,854559,6207332491,Luca.Patricia@gmail.com,25-01-2021
57335,Samuel,Jennifer,25-09-1993,Athens,Attica,Greece,566613,6779827750,Samuel.Jennifer@gmail.com,26-01-2021
57336,Joseph,Linda,30-06-1959,Coimbra,Coimbra,Portugal,708644,6949184828,Joseph.Linda@gmail.com,27-01-2021
57337,David,Elizabeth,15-12-1972,Toulouse,Occitanie,France,402933,9980824840,David.Elizabeth@gmail.com,28-01-2021
57338,Isaac,Barbara,04-12-1975,Pune,Maharashtra,India,390491,8380065232,Isaac.Barbara@gmail.com,28-01-2021
57339,Ryan,Lyon,19-06-1969,Galway,Galway,Ireland,856966,7443114506,Ryan.Lyon@gmail.com,28-01-2021
57340,Hamish,Lewis,11-01-1996,Brussels,Brussels-Capital,Belgium,363656,9749493747,Hamish.Lewis@gmail.com,01-02-2021
57341,Sonny,Donna,10-06-1961,Nîmes,Occitanie,France,739834,8454337269,Sonny.Donna@gmail.com,01-02-2021
57342,Arlo,Michelle,19-12-1982,Brussels,Brussels-Capital,Belgium,170712,8387301168,Arlo.Michelle@gmail.com,02-02-2021
57343,Arran,Dorothy,18-01-1983,Melbourne,Victoria,Australia,309375,8504012076,Arran.Dorothy@gmail.com,03-02-2021
57344,Cole,Carol,03-05-1991,Vienna,Vienna,Austria,141540,9579959854,Cole.Carol@gmail.com,04-02-2021
57345,Robert,Amanda,01-08-1987,Rome,Lazio,Italy,142721,8102911296,Robert.Amanda@gmail.com,06-02-2021
57346,Blair,Melissa,03-02-1953,Braga,Braga,Portugal,656207,8041245794,Blair.Melissa@gmail.com,06-02-2021
57347,Dylan,Deborah,04-07-1967,Lisbon,Lisbon,Portugal,302182,6871685601,Dylan.Deborah@gmail.com,07-02-2021
57348,Louie,Stephanie,28-01-1978,Newtownabbey,Antrim and Newtownabbey,Northern Ireland,283378,9307815710,Louie.Stephanie@gmail.com,07-02-2021
57349,Ruaridh,Rebecca,03-03-1958,Vienna,Vienna,Austria,682959,7901416742,Ruaridh.Rebecca@gmail.com,07-02-2021
57350,Connor,Sharon,12-12-1953,Brussels,Brussels-Capital,Belgium,409856,7198889847,Connor.Sharon@gmail.com,08-02-2021
57351,Benjamin,Laura,03-11-1991,Bucharest,Bucharest,Romania,830422,9331786369,Benjamin.Laura@gmail.com,08-02-2021
57352,Kai,Cynthia,17-12-1993,Faridabad,Haryana,India,481214,7596679021,Kai.Cynthia@gmail.com,09-02-2021
57353,Michael,Kathleen,05-10-1997,Nice,Provence-Alpes-Côte d'Azur,France,990563,7088534361,Michael.Kathleen@gmail.com,10-02-2021
57354,Jackson,Amy,27-11-1972,Bucharest,Bucharest,Romania,698261,9109386552,Jackson.Amy@gmail.com,10-02-2021
57355,Leon,Bieber,12-03-1995,Kolkata,West Bengal,India,477342,6056003710,Leon.Bieber@gmail.com,11-02-2021
57356,Cooper,Martin,08-02-1980,Melbourne,Victoria,Australia,415199,6612954800,Cooper.Martin@gmail.com,13-02-2021
57357,Louis,James,01-04-1994,Berlin,Berlin,Germany,730498,9480478772,Louis.James@gmail.com,14-02-2021
57358,Theodore,Lee,06-10-1959,Vienna,Vienna,Austria,789084,9235126073,Theodore.Lee@gmail.com,15-02-2021
57359,Fraser,Jackson,30-06-1974,Saint Petersburg,Saint Petersburg,Russia,305343,9515887771,Fraser.Jackson@gmail.com,15-02-2021
57360,Owen,Perez,11-05-1989,Milan,Lombardy,Italy,158128,6112247560,Owen.Perez@gmail.com,15-02-2021
57361,Reuben,Frank,16-12-1978,Woerden,Utrecht,Netherlands,898151,6507899728,Reuben.Frank@gmail.com,16-02-2021
57362,John,Thompson,23-02-1958,Athens,Attica,Greece,520415,9344481281,John.Thompson@gmail.com,17-02-2021
57363,Carson,Jose,19-11-1966,Coimbra,Coimbra,Portugal,815943,6400672775,Carson.Jose@gmail.com,17-02-2021
57364,Innes,White,22-02-1963,Zurich,Zurich,Switzerland,231968,9190083017,Innes.White@gmail.com,17-02-2021
57365,Elijah,Daniels,09-08-1989,Newtownabbey,Antrim and Newtownabbey,Northern Ireland,954511,9640147263,Elijah.Daniels@gmail.com,17-02-2021
57366,Murray,Harris,03-01-1965,Brussels,Brussels-Capital,Belgium,201218,8928105021,Murray.Harris@gmail.com,18-02-2021
57367,Grayson,James,05-04-1968,Jaipur,Rajasthan,India,742927,8798990794,Grayson.James@gmail.com,18-02-2021
57368,Aiden,Sanchez,24-09-1971,Lisbon,Lisbon,Portugal,978786,6297648653,Aiden.Sanchez@gmail.com,19-02-2021
57369,Aidan,Maximilian,03-07-1959,Nîmes,Occitanie,France,343973,7083741130,Aidan.Maximilian@gmail.com,20-02-2021
57370,Cody,Mylo,20-09-1962,Coimbra,Coimbra,Portugal,900062,7369564561,Cody.Mylo@gmail.com,21-02-2021
57371,Elliot,Nikodem,17-04-1954,Strasbourg,Grand Est,France,997988,9689518050,Elliot.Nikodem@gmail.com,21-02-2021
57372,Ben,Rocco,12-05-1977,Lisbon,Lisbon,Portugal,251956,6564667047,Ben.Rocco@gmail.com,21-02-2021
57373,Henry,Rohan,12-03-1974,Newtownabbey,Antrim and Newtownabbey,Northern Ireland,150663,9989541261,Henry.Rohan@gmail.com,21-02-2021
57374,Sam,Xavier,10-12-1958,Vienna,Vienna,Austria,393077,6805005311,Sam.Xavier@gmail.com,22-02-2021
57375,Alex,Abel,06-04-1983,Strasbourg,Grand Est,France,984008,6695754659,Alex.Abel@gmail.com,23-02-2021
57376,Ellis,Elias,27-07-1959,Baden-Wurttemberg,Stuttgart,Germany,742593,9037922428,Ellis.Elias@gmail.com,23-02-2021
57377,Gabriel,Eric,20-01-1986,Milan,Lombardy,Italy,252792,9875773031,Gabriel.Eric@gmail.com,25-02-2021
57378,Jax,Franciszek,05-08-1956,Belfast,Belfast,Northern Ireland,971518,9235443638,Jax.Franciszek@gmail.com,25-02-2021
57379,Callan,Kaleb,19-01-1962,Vienna,Vienna,Austria,827514,9095294849,Callan.Kaleb@gmail.com,26-02-2021
57380,Ruairidh,Karson,30-01-1981,Bavaria,Munich,Germany,530898,7135366636,Ruairidh.Karson@gmail.com,26-02-2021
57381,Frankie,James,30-06-1972,Saint Petersburg,Saint Petersburg,Russia,128802,7571716680,Frankie.James@gmail.com,01-03-2021
57382,Lachlan,Ryan,08-02-1994,Milan,Lombardy,Italy,454284,8209192299,Lachlan.Ryan@gmail.com,01-03-2021
57383,Roman,Hamish,03-04-1953,Wellington,Wellington,New Zealand,958930,6234098979,Roman.Hamish@gmail.com,01-03-2021
57384,Brody,Sonny,15-01-1961,Lisbon,Lisbon,Portugal,292379,9432139231,Brody.Sonny@gmail.com,01-03-2021
57385,Josh,Arlo,05-03-1987,Strasbourg,Grand Est,France,553906,6709526943,Josh.Arlo@gmail.com,03-03-2021
57386,Sebastian,Arran,18-05-1969,Bordeaux,Nouvelle-Aquitaine,France,811447,9270830348,Sebastian.Arran@gmail.com,03-03-2021
57387,Struan,Cole,16-10-1990,Melbourne,Victoria,Australia,886894,6781437795,Struan.Cole@gmail.com,03-03-2021
57388,Evan,Robert,25-03-1989,Moscow,Moscow,Russia,194935,6836238828,Evan.Robert@gmail.com,04-03-2021
57389,Kyle,Blair,19-12-1967,Wijk bij Duurstede,Utrecht,Netherlands,301126,7639304538,Kyle.Blair@gmail.com,04-03-2021
57390,Myles,Dylan,23-03-1992,Brussels,Brussels-Capital,Belgium,381047,6377035010,Myles.Dylan@gmail.com,04-03-2021
57391,Calum,Louie,16-08-1968,Athens,Attica,Greece,571219,9671333036,Calum.Louie@gmail.com,05-03-2021
57392,Lochlan,Ruaridh,03-06-1956,Geneva,Geneve,Switzerland,294307,8277992470,Lochlan.Ruaridh@gmail.com,05-03-2021
57393,Jayden,Connor,08-05-1969,Lisbon,Lisbon,Portugal,127051,6615198305,Jayden.Connor@gmail.com,08-03-2021
57394,Lyle,Benjamin,06-11-1983,Nîmes,Occitanie,France,353368,9608498428,Lyle.Benjamin@gmail.com,09-03-2021
57395,Robbie,Kai,31-03-1971,Jaipur,Rajasthan,India,498017,7111476212,Robbie.Kai@gmail.com,09-03-2021
57396,Calvin,Michael,17-12-1958,Vienna,Vienna,Austria,872658,8228874834,Calvin.Michael@gmail.com,11-03-2021
57397,Corey,Jackson,15-06-1966,Milan,Lombardy,Italy,979264,8197971941,Corey.Jackson@gmail.com,12-03-2021
57398,Jaxson,Leon,09-06-1971,Hulst,Zeeland,Netherlands,204379,6761060312,Jaxson.Leon@gmail.com,12-03-2021
57399,Christopher,Cooper,21-10-1971,Zurich,Zurich,Switzerland,200030,7700763644,Christopher.Cooper@gmail.com,13-03-2021
57400,Teddy,Louis,21-08-1993,Lisbon,Lisbon,Portugal,167853,7681634656,Teddy.Louis@gmail.com,14-03-2021
57401,Eli,Eugene,19-02-1957,Newtownabbey,Antrim and Newtownabbey,Northern Ireland,909750,8042127532,Eli.Eugene@gmail.com,14-03-2021
57402,Marcus,Vincent,13-07-1985,Wellington,Wellington,New Zealand,583198,7778091329,Marcus.Vincent@gmail.com,14-03-2021
57403,Parker,Russell,01-03-1958,Chennai,Tamil Nadu,India,545406,7481740661,Parker.Russell@gmail.com,15-03-2021
57404,Tyler,Elijah,03-02-1956,Lille,Hauts-de-France,France,909456,9665092780,Tyler.Elijah@gmail.com,18-03-2021
57405,Euan,Louis,03-05-1978,Middelburg,Zeeland,Netherlands,716606,6583330315,Euan.Louis@gmail.com,19-03-2021
57406,Hudson,Bobby,14-11-1974,Warsaw,Masovian,Poland,297203,6490070615,Hudson.Bobby@gmail.com,21-03-2021
57407,Joey,Philip,17-03-1966,Chennai,Tamil Nadu,India,138958,8664406603,Joey.Philip@gmail.com,21-03-2021
57408,Austin,Johnny,22-07-1955,Athens,Attica,Greece,111577,6933383344,Austin.Johnny@gmail.com,22-03-2021
57409,Zac,Mary,30-05-1969,Wellington,Wellington,New Zealand,264951,7614541479,Zac.Mary@gmail.com,23-03-2021
57410,Dominic,Patricia,25-09-1980,Krakow,Lesser Poland,Poland,592785,6756205492,Dominic.Patricia@gmail.com,25-03-2021
57411,Kayden,Jennifer,10-10-1996,Chennai,Tamil Nadu,India,941359,9792985445,Kayden.Jennifer@gmail.com,25-03-2021
57412,Zack,Linda,16-02-1999,Athens,Attica,Greece,772376,9160812590,Zack.Linda@gmail.com,25-03-2021
57413,Harvey,Elizabeth,25-02-1991,Geneva,Geneve,Switzerland,257209,7336915477,Harvey.Elizabeth@gmail.com,26-03-2021
57414,Rowan,Barbara,25-04-1984,Newtownabbey,Antrim and Newtownabbey,Northern Ireland,599801,7856848638,Rowan.Barbara@gmail.com,27-03-2021
57415,Hugo,Lyon,10-11-1957,Bucharest,Bucharest,Romania,113785,7287426469,Hugo.Lyon@gmail.com,27-03-2021
57416,Edward,Lewis,26-01-1998,Lisbon,Lisbon,Portugal,195374,7789921151,Edward.Lewis@gmail.com,27-03-2021
57417,Fergus,Chan,16-10-1960,Dublin,Dublin,Ireland,932778,9194179244,Fergus.Chan@gmail.com,28-03-2021
57418,Finley,Robinson,27-06-1994,Cork,Cork,Ireland,493382,6864373555,Finley.Robinson@gmail.com,28-03-2021
57419,Patrick,Jamieson,10-11-1959,Saint Petersburg,Saint Petersburg,Russia,738197,8576551930,Patrick.Jamieson@gmail.com,28-03-2021
57420,Cillian,Harley,05-04-1951,Rennes,Brittany,France,678695,8621736930,Cillian.Harley@gmail.com,04-04-2021
57421,Conor,Jay,22-05-1960,Milan,Lombardy,Italy,677596,7646865561,Conor.Jay@gmail.com,04-04-2021
57422,Ruben,Jordan,06-11-1996,Chennai,Tamil Nadu,India,328056,9724075815,Ruben.Jordan@gmail.com,04-04-2021
57423,Flynn,Milo,15-10-1981,Melbourne,Victoria,Australia,246739,9449929601,Flynn.Milo@gmail.com,05-04-2021
57424,Jake,Oran,27-04-1961,Sydney,New South Wales,Australia,614911,7303614573,Jake.Oran@gmail.com,06-04-2021
57425,Albie,Peter,07-04-1999,Vienna,Vienna,Austria,615221,6015427642,Albie.Peter@gmail.com,09-04-2021
57426,Levi,Sean,21-09-1975,Brussels,Brussels-Capital,Belgium,616021,7905573676,Levi.Sean@gmail.com,09-04-2021
57427,Mohammad,Ciaran,09-03-1974,Brisbane,Queensland,Australia,117680,8790698204,Mohammad.Ciaran@gmail.com,10-04-2021
57428,Rhys,Jasper,29-08-1962,Amsterdam,North Holland,Netherlands,506405,9061464459,Rhys.Jasper@gmail.com,10-04-2021
57429,Ronan,Luka,16-09-1981,Athens,Attica,Greece,632794,9618920763,Ronan.Luka@gmail.com,12-04-2021
57430,Zach,Odin,22-01-1997,Lodz,Lodz,Poland,853938,9739088322,Zach.Odin@gmail.com,13-04-2021
57431,Zachary,Steven,25-12-1988,Athens,Attica,Greece,559846,6511736734,Zachary.Steven@gmail.com,16-04-2021
57432,Ezra,Duncan,01-06-1966,Lisbon,Lisbon,Portugal,228965,9339577113,Ezra.Duncan@gmail.com,19-04-2021
57433,Charles,Kade,19-02-1955,Amsterdam,North Holland,Netherlands,867596,9658591555,Charles.Kade@gmail.com,20-04-2021
57434,Kian,Musa,15-02-1975,Wellington,Wellington,New Zealand,250733,6929888885,Kian.Musa@gmail.com,20-04-2021
57435,Kieran,Milo,02-11-1986,Bangalore,Karnataka,India,112693,7302719465,Kieran.Milo@gmail.com,22-04-2021
57436,Mohammed,Oran,10-07-1966,Chennai,Tamil Nadu,India,569818,8452659434,Mohammed.Oran@gmail.com,23-04-2021
57437,Zak,Peter,17-01-1975,Amsterdam,North Holland,Netherlands,542924,9643370720,Zak.Peter@gmail.com,23-04-2021
57438,Anthony,Sean,06-02-1975,Amsterdam,North Holland,Netherlands,272699,7248095948,Anthony.Sean@gmail.com,23-04-2021
57439,Bradley,Ciaran,17-02-1989,Belfast,Belfast,Northern Ireland,834959,9705757697,Bradley.Ciaran@gmail.com,25-04-2021
57440,Elliott,Jasper,06-03-1988,Berlin,Berlin,Germany,625347,6921101649,Elliott.Jasper@gmail.com,26-04-2021
57441,Mark,Theo,01-10-1972,Newtownabbey,Antrim and Newtownabbey,Northern Ireland,495600,8626924582,Mark.Theo@gmail.com,26-04-2021
57442,Miller,Thomas,12-01-1985,Reims,Grand Est,France,301566,6019941305,Miller.Thomas@gmail.com,27-04-2021
57443,Felix,Brodie,20-01-1981,Rome,Lazio,Italy,641255,9072484643,Felix.Brodie@gmail.com,27-04-2021
57444,Harley,Archie,15-10-1965,Den Helder,North Holland,Netherlands,268493,6851902777,Harley.Archie@gmail.com,28-04-2021
57445,Jay,Jacob,27-01-1988,Geneva,Geneve,Switzerland,181679,8123573574,Jay.Jacob@gmail.com,01-05-2021
57446,Jordan,Finlay,27-12-1960,Ahmedabad,Gujarat,India,796211,9800488734,Jordan.Finlay@gmail.com,02-05-2021
57447,Milo,Finn,16-10-1991,Perth,Western Australia,Australia,173026,8115595735,Milo.Finn@gmail.com,02-05-2021
57448,Oran,Daniel,17-05-1988,Wroclaw,Lower Silesian,Poland,686129,8544086861,Oran.Daniel@gmail.com,03-05-2021
57449,Peter,Joshua,02-04-1980,Lisbon,Lisbon,Portugal,981792,8293043598,Peter.Joshua@gmail.com,04-05-2021
57450,Sean,Oscar,04-02-1964,Lille,Hauts-de-France,France,959367,9486727740,Sean.Oscar@gmail.com,05-05-2021
57451,Ciaran,Arthur,06-05-1959,Saint Petersburg,Saint Petersburg,Russia,357950,6053013952,Ciaran.Arthur@gmail.com,06-05-2021
57452,Jasper,Hunter,30-08-1978,Belfast,Belfast,Northern Ireland,842686,8438849920,Jasper.Hunter@gmail.com,07-05-2021
57453,Kaiden,Ethan,16-10-1969,Johannesburg,Johannesburg,South Africa,653016,7831673099,Kaiden.Ethan@gmail.com,08-05-2021
57454,Robin,Calum,04-09-1979,Dublin,Dublin,Ireland,836916,7133856852,Robin.Calum@gmail.com,09-05-2021
57455,Caelan,Lochlan,27-12-1978,Adelaide,South Australia,Australia,320198,6753004670,Caelan.Lochlan@gmail.com,11-05-2021
57456,Cohen,Jayden,02-11-1953,Wellington,Wellington,New Zealand,147870,6601082634,Cohen.Jayden@gmail.com,12-05-2021
57457,Magnus,Lyle,07-05-1988,Amsterdam,North Holland,Netherlands,390330,8980353469,Magnus.Lyle@gmail.com,13-05-2021
57458,Xander,Robbie,17-08-1965,Newcastle,New South Wales,Australia,119267,6866480192,Xander.Robbie@gmail.com,14-05-2021
57459,Jason,Calvin,18-12-1981,Canberra,Australian Capital Territory,Australia,252846,7823722330,Jason.Calvin@gmail.com,14-05-2021
57460,Reece,Corey,23-07-1983,Sunshine Coast,Queensland,Australia,693529,7110320565,Reece.Corey@gmail.com,18-05-2021
57461,Ruairi,Jaxson,07-07-1997,Milan,Lombardy,Italy,367391,6157137435,Ruairi.Jaxson@gmail.com,19-05-2021
57462,Scott,Christopher,05-05-1988,Vila Nova de Gaia,Porto,Portugal,571841,9530348097,Scott.Christopher@gmail.com,20-05-2021
57463,Cian,Teddy,16-10-1975,Zurich,Zurich,Switzerland,853332,6250825230,Cian.Teddy@gmail.com,21-05-2021
57464,Filip,Eli,11-06-1953,Belfast,Belfast,Northern Ireland,277549,7055580055,Filip.Eli@gmail.com,22-05-2021
57465,Nico,Marcus,21-04-1985,Johannesburg,Johannesburg,South Africa,123785,7945106634,Nico.Marcus@gmail.com,25-05-2021
57466,Olly,Reggie,23-06-1983,Bangalore,Karnataka,India,294824,7109176358,Olly.Reggie@gmail.com,27-05-2021
57467,Gregor,Shay,12-05-1950,Amsterdam,North Holland,Netherlands,552983,9971954274,Gregor.Shay@gmail.com,27-05-2021
57468,Junior,Zander,01-05-1956,Wroclaw,Lower Silesian,Poland,751139,7269944409,Junior.Zander@gmail.com,01-06-2021
57469,Antoni,Alasdair,21-09-1987,Geneva,Geneve,Switzerland,953861,7513745304,Antoni.Alasdair@gmail.com,01-06-2021
57470,Colton,Ashton,14-09-1978,Amsterdam,North Holland,Netherlands,501114,8434988308,Colton.Ashton@gmail.com,02-06-2021
57471,Jenson,Cruz,19-05-1982,Belfast,Belfast,Northern Ireland,642481,6687024018,Jenson.Cruz@gmail.com,03-06-2021
57472,Layton,Findlay,08-05-1986,Le Havre,Normandy,France,809903,8507169924,Layton.Findlay@gmail.com,04-06-2021
57473,Ross,Hayden,27-04-1954,Saint-Étienne,Auvergne-Rhône-Alpes,France,530868,8024722567,Ross.Hayden@gmail.com,07-06-2021
57474,Frederick,Jace,19-11-1988,Hyderabad,Telangana,India,505790,6349326355,Frederick.Jace@gmail.com,08-06-2021
57475,Maxwell,Kerr,04-07-1993,Central Coast,New South Wales,Australia,506511,7238434067,Maxwell.Kerr@gmail.com,09-06-2021
57476,Nicholas,Rio,25-03-1969,Piraeus,Attica,Greece,698863,8453989465,Nicholas.Rio@gmail.com,11-06-2021
57477,Danny,Rudi,08-05-1970,Vila Nova de Gaia,Porto,Portugal,569390,7170644594,Danny.Rudi@gmail.com,13-06-2021
57478,Declan,Spencer,29-10-1982,Wollongong,New South Wales,Australia,640455,6226589885,Declan.Spencer@gmail.com,14-06-2021
57479,Ibrahim,Taylor,20-11-1963,Vienna,Vienna,Austria,432949,7055461847,Ibrahim.Taylor@gmail.com,15-06-2021
57480,Oskar,Francis,12-03-1956,Moscow,Moscow,Russia,616874,7788196033,Oskar.Francis@gmail.com,16-06-2021
57481,Reggie,Julian,17-11-1962,Belfast,Belfast,Northern Ireland,288887,8717991148,Reggie.Julian@gmail.com,16-06-2021
57482,Shay,Keegan,08-09-1955,Wroclaw,Lower Silesian,Poland,241434,8649659047,Shay.Keegan@gmail.com,18-06-2021
57483,Zander,Luka,18-06-1954,Geelong,Victoria,Australia,954551,7442257638,Zander.Luka@gmail.com,18-06-2021
57484,Alasdair,Odin,05-01-1999,Hobart,Tasmania,Australia,386859,7433996128,Alasdair.Odin@gmail.com,19-06-2021
57485,Ashton,Steven,03-03-1968,Townsville,Queensland,Australia,891677,6773108255,Ashton.Steven@gmail.com,20-06-2021
57486,Cruz,Duncan,21-05-1996,Cairns,Queensland,Australia,112086,7031872822,Cruz.Duncan@gmail.com,21-06-2021
57487,Findlay,Kade,28-04-1978,Brandenburg,Potsdam,Germany,714481,8899015011,Findlay.Kade@gmail.com,21-06-2021
57488,Hayden,Musa,09-07-1952,Darwin,Northern Territory,Australia,804876,6232527169,Hayden.Musa@gmail.com,23-06-2021
57489,Jace,Tristan,28-05-1974,Ballarat,Victoria,Australia,309785,8462787198,Jace.Tristan@gmail.com,25-06-2021
57490,Kerr,Abdullah,10-08-1969,Brussels,Brussels-Capital,Belgium,526397,8108334372,Kerr.Abdullah@gmail.com,26-06-2021
57491,Rio,Dexter,23-01-1955,Vila Nova de Gaia,Porto,Portugal,820864,7201050110,Rio.Dexter@gmail.com,01-07-2021
57492,Rudi,Ian,13-12-1961,Toulon,Provence-Alpes-Côte d'Azur,France,293214,8436843041,Rudi.Ian@gmail.com,01-07-2021
57493,Spencer,Jensen,15-02-1978,Geneva,Geneve,Switzerland,306841,6818612015,Spencer.Jensen@gmail.com,02-07-2021
57494,Taylor,Jonathan,01-10-1993,Belfast,Belfast,Northern Ireland,723508,9473423961,Taylor.Jonathan@gmail.com,04-07-2021
57495,Toby,Richard,27-04-1954,Amsterdam,North Holland,Netherlands,970176,9620675518,Toby.Richard@gmail.com,05-07-2021
57496,Joel,Zayn,22-11-1973,Piraeus,Attica,Greece,160573,7757073165,Joel.Zayn@gmail.com,05-07-2021
57497,Keir,Adrian,09-05-1951,Johannesburg,Johannesburg,South Africa,543554,7876918451,Keir.Adrian@gmail.com,07-07-2021
57498,Paul,Zachary,08-12-1971,Amsterdam,North Holland,Netherlands,841013,9720305643,Paul.Zachary@gmail.com,07-07-2021
57499,Bobby,Ezra,15-12-1985,Delhi,Delhi,India,474396,7461914594,Bobby.Ezra@gmail.com,09-07-2021
57500,Campbell,Charles,14-04-1997,Wroclaw,Lower Silesian,Poland,515813,9122870679,Campbell.Charles@gmail.com,09-07-2021
57501,Kacper,Kian,03-01-1986,Strasbourg,Grand Est,France,928288,6353859894,Kacper.Kian@gmail.com,11-07-2021
57502,Miles,Kieran,14-11-1961,Bangalore,Karnataka,India,348606,7242119169,Miles.Kieran@gmail.com,11-07-2021
57503,Otis,Mohammed,12-04-1957,Berlin,Berlin,Germany,322688,7988254437,Otis.Mohammed@gmail.com,12-07-2021
57504,Travis,Zak,23-10-1998,Hobart,Tasmania,Australia,990877,8896670704,Travis.Zak@gmail.com,14-07-2021
57505,Alan,Anthony,30-12-1957,Townsville,Queensland,Australia,777883,8727734228,Alan.Anthony@gmail.com,15-07-2021
57506,Alfred,Bradley,18-02-1959,Cairns,Queensland,Australia,773060,7383457508,Alfred.Bradley@gmail.com,18-07-2021
57507,Erik,Elliott,17-06-1998,Vienna,Vienna,Austria,844788,7858796446,Erik.Elliott@gmail.com,23-07-2021
57508,Kevin,Mark,14-09-1983,Dublin,Dublin,Ireland,703145,6962684454,Kevin.Mark@gmail.com,24-07-2021
57509,Marcel,Elliott,30-05-1975,Larissa,Thessaly,Greece,608087,9158381703,Marcel.Elliott@gmail.com,25-07-2021
57510,Nathaniel,Mark,24-06-1976,Vila Nova de Gaia,Porto,Portugal,850538,8384632864,Nathaniel.Mark@gmail.com,27-07-2021
57511,Quinn,Miller,21-08-1991,Zurich,Zurich,Switzerland,720314,9348313988,Quinn.Miller@gmail.com,02-08-2021
57512,Yusuf,Felix,04-02-1957,Belfast,Belfast,Northern Ireland,427874,9932962637,Yusuf.Felix@gmail.com,02-08-2021
57513,Billy,Harley,02-03-1950,Piraeus,Attica,Greece,557851,8396118331,Billy.Harley@gmail.com,06-08-2021
57514,Douglas,Jay,01-04-1982,Johannesburg,Johannesburg,South Africa,202891,6440143971,Douglas.Jay@gmail.com,07-08-2021
57515,Eden,Lincoln,22-02-1965,Bangalore,Karnataka,India,895927,7911889400,Eden.Lincoln@gmail.com,07-08-2021
57516,Ewan,Phoenix,05-10-1971,Strasbourg,Grand Est,France,857269,7653266972,Ewan.Phoenix@gmail.com,07-08-2021
57517,Jakub,Stephen,17-01-1960,Geneva,Geneve,Switzerland,727193,8680328060,Jakub.Stephen@gmail.com,08-08-2021
57518,Jonah,Tristan,15-03-1980,Berlin,Berlin,Germany,610846,9196661098,Jonah.Tristan@gmail.com,08-08-2021
57519,Leonardo,Abdullah,23-01-1983,Grenoble,Auvergne-Rhône-Alpes,France,530521,7064953085,Leonardo.Abdullah@gmail.com,09-08-2021
57520,Mac,Dexter,03-07-1983,Delhi,Delhi,India,994373,9257896662,Mac.Dexter@gmail.com,10-08-2021
57521,Murdo,Ian,17-03-1964,Brandenburg,Potsdam,Germany,774501,6600491775,Murdo.Ian@gmail.com,13-08-2021
57522,Ronnie,Jensen,14-09-1988,Graz,Styria,Austria,148900,7144752429,Ronnie.Jensen@gmail.com,16-08-2021
57523,Vincent,Jonathan,02-06-1960,Brussels,Brussels-Capital,Belgium,787603,8084706989,Vincent.Jonathan@gmail.com,17-08-2021
57524,Ali,Richard,12-07-1967,Wroclaw,Lower Silesian,Poland,467124,6214019618,Ali.Richard@gmail.com,18-08-2021
57525,Asher,Zayn,07-10-1991,Vila Nova de Gaia,Porto,Portugal,475825,8990087128,Asher.Zayn@gmail.com,19-08-2021
57526,Bailey,Adrian,25-12-1970,Zurich,Zurich,Switzerland,454256,7612482312,Bailey.Adrian@gmail.com,20-08-2021
57527,Enzo,Aleksander,03-06-1996,Vila Nova de Gaia,Porto,Portugal,833512,9699071239,Enzo.Aleksander@gmail.com,21-08-2021
57528,Lennox,Ayaan,25-08-1956,Johannesburg,Johannesburg,South Africa,650783,8112468282,Lennox.Ayaan@gmail.com,22-08-2021
57529,Niall,Bruno,23-08-1982,Linz,Upper Austria,Austria,696118,6146450745,Niall.Bruno@gmail.com,24-08-2021
57530,Alistair,Cook,15-11-1960,Moscow,Moscow,Russia,325266,6447917213,Alistair.Cook@gmail.com,24-08-2021
57531,Colby,Mark,29-09-1953,Rome,Lazio,Italy,280371,8714445343,Colby.Mark@gmail.com,26-08-2021
57532,Francis,Miller,16-09-1955,Zurich,Zurich,Switzerland,855397,8403362522,Francis.Miller@gmail.com,26-08-2021
57533,Julian,Felix,10-10-1968,Belfast,Belfast,Northern Ireland,760350,8017349304,Julian.Felix@gmail.com,01-09-2021
57534,Keegan,Harley,11-11-1997,Berlin,Berlin,Germany,683623,9981480800,Keegan.Harley@gmail.com,03-09-2021
57535,Luka,Jay,17-07-1996,Salzburg,Salzburg,Austria,133398,8443736676,Luka.Jay@gmail.com,05-09-2021
57536,Odin,Aidan,03-09-1975,Dublin,Dublin,Ireland,169022,9841332553,Odin.Aidan@gmail.com,06-09-2021
57537,Steven,Cody,18-08-1956,Piraeus,Attica,Greece,641040,6467663525,Steven.Cody@gmail.com,07-09-2021
57538,Duncan,Elliot,30-11-1984,Berlin,Berlin,Germany,488952,8488009259,Duncan.Elliot@gmail.com,07-09-2021
57539,Kade,Ben,06-10-1954,Vila Nova de Gaia,Porto,Portugal,163683,9831261701,Kade.Ben@gmail.com,09-09-2021
57540,Musa,Henry,12-07-1998,Salzburg,Salzburg,Austria,547157,9096515210,Musa.Henry@gmail.com,09-09-2021
57541,Mustafa,Sam,05-08-1971,Dijon,Bourgogne-Franche-Comté,France,597985,6337243618,Mustafa.Sam@gmail.com,13-09-2021
57542,Oakley,Alex,23-01-1951,Berlin,Berlin,Germany,464451,6122258214,Oakley.Alex@gmail.com,16-09-2021
57543,Rex,Ellis,04-12-1986,Mumbai,Maharashtra,India,229556,8331281873,Rex.Ellis@gmail.com,17-09-2021
57544,Archer,Gabriel,18-03-1955,Delhi,Delhi,India,204169,6803910409,Archer.Gabriel@gmail.com,19-09-2021
57545,Axel,Jax,09-12-1995,Innsbruck,Tyrol,Austria,915836,9723653076,Axel.Jax@gmail.com,21-09-2021
57546,Ayden,Dean,08-01-1955,Vila Nova de Gaia,Porto,Portugal,277880,7180525977,Ayden.Dean@gmail.com,22-09-2021
57547,Caiden,Idris,19-10-1981,Salzburg,Salzburg,Austria,312365,7882094509,Caiden.Idris@gmail.com,25-09-2021
57548,Craig,Jesse,07-10-1989,Belfast,Belfast,Northern Ireland,693440,9265083971,Craig.Jesse@gmail.com,26-09-2021
57549,Lauchlan,Malcolm,12-11-1979,Berlin,Berlin,Germany,585651,9771171856,Lauchlan.Malcolm@gmail.com,26-09-2021
57550,Lennon,Ibrahim,16-06-1981,Brussels,Brussels-Capital,Belgium,223477,8544957834,Lennon.Ibrahim@gmail.com,26-09-2021
57551,Lukas,Oskar,01-07-1979,Zurich,Zurich,Switzerland,315757,7727753255,Lukas.Oskar@gmail.com,27-09-2021
57552,Maximilian,Reggie,15-08-1985,Nîmes,Occitanie,France,259546,9082613916,Maximilian.Reggie@gmail.com,28-09-2021
57553,Mylo,Shay,21-12-1966,Brandenburg,Potsdam,Germany,467673,8220088430,Mylo.Shay@gmail.com,07-10-2021
57554,Nikodem,Zander,16-10-1973,Klagenfurt am Worthersee,Carinthia,Austria,567264,9296006356,Nikodem.Zander@gmail.com,08-10-2021
57555,Rocco,Alasdair,08-12-1984,Saint Petersburg,Saint Petersburg,Russia,801531,6374648886,Rocco.Alasdair@gmail.com,09-10-2021
57556,Rohan,Ashton,07-08-1962,Brussels,Brussels-Capital,Belgium,908008,6199081503,Rohan.Ashton@gmail.com,10-10-2021
57557,Xavier,Cruz,17-12-1978,Wroclaw,Lower Silesian,Poland,354312,7067964373,Xavier.Cruz@gmail.com,12-10-2021
57558,Abel,Archie,21-04-1990,Villach,Carinthia,Austria,750733,8732427068,Abel.Archie@gmail.com,13-10-2021
57559,Elias,Jacob,27-05-1956,Rome,Lazio,Italy,699625,7630339575,Elias.Jacob@gmail.com,14-10-2021
57560,Eric,Finlay,23-04-1998,Vila Nova de Gaia,Porto,Portugal,265945,6128815387,Eric.Finlay@gmail.com,14-10-2021
57561,Franciszek,Finn,21-08-1961,Amsterdam,North Holland,Netherlands,724697,6917211967,Franciszek.Finn@gmail.com,15-10-2021
57562,Kaleb,Daniel,23-03-1981,Patras,Western Greece,Greece,596034,7417096356,Kaleb.Daniel@gmail.com,16-10-2021
57563,Karson,Joshua,22-08-1972,Salzburg,Salzburg,Austria,135003,6457173408,Karson.Joshua@gmail.com,17-10-2021
57564,Kody,Oscar,12-04-1983,Brussels,Brussels-Capital,Belgium,300471,8612002390,Kody.Oscar@gmail.com,18-10-2021
57565,Lincoln,Arthur,14-04-1982,Berlin,Berlin,Germany,545111,8930983885,Lincoln.Arthur@gmail.com,19-10-2021
57566,Phoenix,Hunter,02-07-1959,Nîmes,Occitanie,France,119574,8370842406,Phoenix.Hunter@gmail.com,20-10-2021
57567,Stephen,Ethan,01-12-1955,Brandenburg,Potsdam,Germany,860033,9283403608,Stephen.Ethan@gmail.com,21-10-2021
57568,Tristan,Calum,12-06-1958,Dublin,Dublin,Ireland,320701,9487186337,Tristan.Calum@gmail.com,21-10-2021
57569,Abdullah,Lochlan,06-03-1965,Belfast,Belfast,Northern Ireland,523272,7792025369,Abdullah.Lochlan@gmail.com,21-10-2021
57570,Dexter,Jayden,22-10-1968,Strasbourg,Grand Est,France,640317,9165390135,Dexter.Jayden@gmail.com,22-10-2021
57571,Ian,Lyle,17-06-1976,Vila Nova de Gaia,Porto,Portugal,167308,8449653106,Ian.Lyle@gmail.com,22-10-2021
57572,Jensen,Robbie,18-08-1971,Brest,Brittany,France,713987,9269580832,Jensen.Robbie@gmail.com,23-10-2021
57573,Jonathan,Calvin,26-05-1981,Berlin,Berlin,Germany,268654,7656801053,Jonathan.Calvin@gmail.com,24-10-2021
57574,Richard,Corey,28-06-1955,Villach,Carinthia,Austria,564100,8420422568,Richard.Corey@gmail.com,26-10-2021
57575,Zayn,Bailey,25-05-1974,Warsaw,Masovian,Poland,184986,7628741723,Zayn.Bailey@gmail.com,26-10-2021
57576,Adrian,Enzo,10-06-1956,Zurich,Zurich,Switzerland,657311,9739029706,Adrian.Enzo@gmail.com,02-11-2021
57577,Aleksander,Lennox,27-04-1992,Nîmes,Occitanie,France,645881,7819860903,Aleksander.Lennox@gmail.com,02-11-2021
57578,Ayaan,Niall,24-04-1953,Brussels,Brussels-Capital,Belgium,435921,6088671542,Ayaan.Niall@gmail.com,05-11-2021
57579,Bruno,Alistair,28-11-1994,Brest,Brittany,France,524346,8342043041,Bruno.Alistair@gmail.com,06-11-2021
57580,Cailean,Colby,09-01-1999,Wroclaw,Lower Silesian,Poland,400725,8782854284,Cailean.Colby@gmail.com,06-11-2021
57581,Christian,Samuel,16-03-1974,Angers,Pays de la Loire,France,133751,9651067285,Christian.Samuel@gmail.com,07-11-2021
57582,Coby,Joseph,28-11-1990,Hamburg,Hamburg,Germany,778438,7916854329,Coby.Joseph@gmail.com,10-11-2021
57583,Conall,David,29-01-1960,Villach,Carinthia,Austria,957586,9105698366,Conall.David@gmail.com,14-11-2021
57584,Haris,Isaac,03-10-1988,Saint Petersburg,Saint Petersburg,Russia,541308,9805232065,Haris.Isaac@gmail.com,17-11-2021
57585,Ivor,Ryan,13-08-1951,Rome,Lazio,Italy,718537,7340962555,Ivor.Ryan@gmail.com,17-11-2021
57586,Kit,Hamish,23-05-1992,Athens,Attica,Greece,876778,6599180310,Kit.Hamish@gmail.com,19-11-2021
57587,Lawson,Sonny,21-12-1992,Belfast,Belfast,Northern Ireland,652803,6275168039,Lawson.Sonny@gmail.com,19-11-2021
57588,Lee,Arlo,30-11-1992,Nîmes,Occitanie,France,793322,9206159981,Lee.Arlo@gmail.com,24-11-2021
57589,Marco,Arran,21-01-1972,Brussels,Brussels-Capital,Belgium,456951,6087210091,Marco.Arran@gmail.com,25-11-2021
57590,Martin,Cole,10-07-1980,Vila Nova de Gaia,Porto,Portugal,627334,9394056553,Martin.Cole@gmail.com,26-11-2021
57591,Matei,Robert,15-05-1971,Brussels,Brussels-Capital,Belgium,782654,7316757665,Matei.Robert@gmail.com,26-11-2021
57592,Munro,Blair,04-12-1950,Le Mans,Pays de la Loire,France,413083,9749459314,Munro.Blair@gmail.com,27-11-2021
57593,Oliwier,Dylan,13-11-1980,Villach,Carinthia,Austria,241530,6577701592,Oliwier.Dylan@gmail.com,27-11-2021
57594,River,Louie,28-10-1973,Hamburg,Hamburg,Germany,541297,6353529796,River.Louie@gmail.com,27-11-2021
57595,Ruari,Vincent,26-02-1950,Thessaloniki,Central Macedonia,Greece,853370,9019913871,Ruari.Vincent@gmail.com,28-11-2021
57596,Stanley,Ali,10-10-1978,Zurich,Zurich,Switzerland,655505,9080686603,Stanley.Ali@gmail.com,02-12-2021
57597,Szymon,Asher,14-07-1954,Belfast,Belfast,Northern Ireland,689194,7973575547,Szymon.Asher@gmail.com,03-12-2021
57598,Tom,Bailey,30-08-1991,Warsaw,Masovian,Poland,482510,8818906472,Tom.Bailey@gmail.com,03-12-2021
57599,Tymon,Enzo,02-06-1956,Brussels,Brussels-Capital,Belgium,571582,7074239339,Tymon.Enzo@gmail.com,04-12-2021
57600,Bruce,Lennox,13-12-1954,Villeurbanne,Auvergne-Rhône-Alpes,France,123374,7222221748,Bruce.Lennox@gmail.com,08-12-2021
57601,Darragh,Niall,24-02-1957,Hamburg,Hamburg,Germany,452319,9068052124,Darragh.Niall@gmail.com,09-12-2021
57602,Dean,Alistair,12-08-1984,Villach,Carinthia,Austria,423581,6464899125,Dean.Alistair@gmail.com,11-12-2021
57603,Idris,Colby,23-10-1981,Dublin,Dublin,Ireland,177875,9470333712,Idris.Colby@gmail.com,19-12-2021
57604,Jesse,Francis,18-04-1968,Rome,Lazio,Italy,720109,8564208748,Jesse.Francis@gmail.com,22-12-2021
57605,Malcolm,Julian,08-03-1985,Amsterdam,North Holland,Netherlands,920922,8894642998,Malcolm.Julian@gmail.com,28-12-2021
